{"cameraMode":{"drawMode":0,"name":"Shaded","section":"Shading Mode"},"sceneLighting":true,"audioPlay":false,"sceneViewState":{"showFog":true,"showMaterialUpdate":true,"showSkybox":true,"showFlares":true,"showImageEffects":true,"showParticleSystems":true},"in2DMode":false,"pivot":{"x":-0.45436108112335207,"y":0.029294945299625398,"z":-20.19556427001953},"rotation":{"x":-0.3171583414077759,"y":-0.5280055999755859,"z":0.2214963585138321,"w":-0.7560431361198425},"size":2.9996485710144045,"orthographic":false}