{"cameraMode":{"drawMode":0,"name":"Shaded","section":"Shading Mode"},"sceneLighting":false,"audioPlay":false,"sceneViewState":{"showFog":true,"showMaterialUpdate":false,"showSkybox":true,"showFlares":true,"showImageEffects":true,"showParticleSystems":true},"in2DMode":false,"pivot":{"x":-2.690000057220459,"y":1.590000033378601,"z":-0.6730999946594238},"rotation":{"x":-0.17381276190280915,"y":-0.07466929405927658,"z":0.013218439184129238,"w":-0.9818548560142517},"size":0.30005723237991335,"orthographic":false}