{"cameraMode":{"drawMode":0,"name":"Shaded","section":"Shading Mode"},"sceneLighting":false,"audioPlay":false,"sceneViewState":{"showFog":true,"showMaterialUpdate":false,"showSkybox":true,"showFlares":true,"showImageEffects":true,"showParticleSystems":true},"in2DMode":false,"pivot":{"x":8.199999809265137,"y":1.8580000400543213,"z":-0.7279999852180481},"rotation":{"x":-0.17381276190280915,"y":-0.07466929405927658,"z":0.013218439184129238,"w":-0.9818548560142517},"size":0.300056517124176,"orthographic":false}