{"cameraMode":{"drawMode":2,"name":"Shaded Wireframe","section":"Shading Mode"},"sceneLighting":true,"audioPlay":false,"sceneViewState":{"showFog":true,"showMaterialUpdate":false,"showSkybox":true,"showFlares":true,"showImageEffects":true,"showParticleSystems":true},"in2DMode":false,"pivot":{"x":0.7505983710289002,"y":0.7355486750602722,"z":-0.06402610242366791},"rotation":{"x":0.21508921682834626,"y":-0.42675724625587466,"z":0.10525281727313996,"w":0.8720929026603699},"size":0.9429356455802918,"orthographic":false}