{"cameraMode":{"drawMode":0,"name":"Shaded","section":"Shading Mode"},"sceneLighting":true,"audioPlay":false,"sceneViewState":{"showFog":true,"showMaterialUpdate":false,"showSkybox":true,"showFlares":true,"showImageEffects":true,"showParticleSystems":true},"in2DMode":false,"pivot":{"x":-7.07420015335083,"y":3.203385353088379,"z":-0.39285701513290408},"rotation":{"x":-0.19052667915821076,"y":-0.7454844117164612,"z":0.2399597018957138,"w":-0.5919223427772522},"size":6.0921478271484379,"orthographic":false}