{"cameraMode":{"drawMode":0,"name":"Shaded","section":"Shading Mode"},"sceneLighting":true,"audioPlay":false,"sceneViewState":{"showFog":true,"showMaterialUpdate":false,"showSkybox":true,"showFlares":true,"showImageEffects":true,"showParticleSystems":true},"in2DMode":false,"pivot":{"x":-3.9505157470703127,"y":-1.186527967453003,"z":-2.007779359817505},"rotation":{"x":-0.31893402338027956,"y":-0.4657115340232849,"z":0.18461640179157258,"w":-0.8045562505722046},"size":11.346943855285645,"orthographic":false}