{"cameraMode":{"drawMode":0,"name":"Shaded","section":"Shading Mode"},"sceneLighting":false,"audioPlay":false,"sceneViewState":{"showFog":true,"showMaterialUpdate":false,"showSkybox":true,"showFlares":true,"showImageEffects":true,"showParticleSystems":true},"in2DMode":false,"pivot":{"x":6.760422706604004,"y":6.231988906860352,"z":8.198895454406739},"rotation":{"x":0.10326086729764939,"y":0.8893682360649109,"z":-0.2484484761953354,"w":0.36964157223701479},"size":22.0,"orthographic":false}